image_id,A_label,B_label,winner,reasons,errors_A,errors_B
box_5.1.jpg,One-Shot,Few-Shot,B,Method B demonstrates better completeness by explicitly linking concepts like 'MaxAllowedConcentrationInDrinkingWater' to the pathways and data needed for deriving screening values (SSV). This provides a clearer understanding of the relationships between different concepts. | Method B's use of 'she:usesPathwayAndData' and 'she:derivesSSV' properties provides more specific and meaningful relationships compared to Method A's simpler 'skos:narrower' relationships. This enhances the semantic richness of the RDF data.,"Method A lacks explicit connections between concepts and the pathways/data required for deriving screening values. The 'skos:narrower' relationships are less informative in this context. | Method A is incomplete, as it doesn't explicitly state how 'MaxAllowedConcentrationInDrinkingWater' or 'MaxAllowedConcentrationInFood' are used to derive screening values.","Method B's extraction is truncated, so a full evaluation of completeness is not possible. However, the provided snippet suggests a more comprehensive approach. | The use of 'she:usesPathwayAndData' and 'she:derivesSSV' might require a defined ontology to fully understand the semantics."
figure_1.2.jpg,One-Shot,Few-Shot,B,"Method B demonstrates better reasoning by using 'narrower' and 'isAssessedAs' properties to express relationships between concepts, leading to a more accurate representation of the hierarchical and assessment relationships present in the image content. | Method B's use of 'hasOutcome' for the results of 'Evaluation' is more semantically appropriate than 'resultsIn' used by Method A, reflecting the nature of the relationship between an evaluation and its outcomes.",The use of 'leadsTo' in Method A is less precise than 'narrower' or 'isAssessedAs' in expressing hierarchical relationships between concepts. It implies a directional flow that may not always be accurate. | The use of 'resultsIn' for the outcomes of 'Evaluation' is less semantically appropriate than 'hasOutcome'.,
figure_1.3.jpg,Few-Shot,One-Shot,Tie,"Both methods extract the same triples, indicating identical correctness and completeness. | The truncated nature of the extractions makes a definitive determination of a winner difficult. Both methods appear to capture the core concepts and relationships.",,
figure_2.1.jpg,One-Shot,Few-Shot,B,"Method B provides more specific relationships between concepts (e.g., `she:representsUpperLimitOf`, `she:isBelow`) which enhances the semantic richness of the extracted knowledge. | Method B includes more concepts and relationships, demonstrating greater completeness in representing the relationships between the concepts in the image. | Method B's use of few-shot learning allows for more nuanced and contextually relevant relationships to be extracted, leading to a more accurate representation of the image's content.","Method A lacks relationships like `she:representsUpperLimitOf` and `she:isBelow` which are present in Method B and provide more specific semantic information. | Method A's completeness is lower compared to Method B, missing several concepts and relationships that are explicitly present in the image. | Method A's reliance on one-shot learning limits its ability to infer complex relationships between concepts.","The truncation of Method B's extraction prevents a full evaluation of its completeness. | While generally more accurate, the few-shot approach might be susceptible to errors if the provided few-shot examples are not representative of the image's content."
figure_3.1.jpg,Few-Shot,One-Shot,A,"Method A provides a more complete hierarchy of concepts, including more specific concepts like CalciumIon, MagnesiumIon, and PotassiumIon. | Method A includes the 'entersSoilAs' relationship, which provides more detailed information about how inputs are incorporated into the soil. | Method A's structure is more consistent with a typical soil health ontology, with clear distinctions between inputs, soil components, and outputs.",,"Method B lacks the detailed hierarchical relationships present in Method A (e.g., missing specific ion concepts). | Method B's definition for 'Fertiliser' is a textual definition rather than a structured relationship, which is less suitable for RDF. | Method B is less complete in representing the relationships between inputs and soil components."
figure_3.2.jpg,One-Shot,Few-Shot,B,"Method B provides more descriptive and nuanced relationships (e.g., 'reachesMaximumAt', 'increasesRapidlyBeyond', 'influences'). | Method B includes definitions for concepts like 'CriticalLevelForCropYield', enhancing understanding and expressiveness. | Method B's use of 'narrower' relationships is more appropriate for hierarchical relationships between concepts.","Method A lacks definitions for concepts, making the knowledge less understandable. | Method A's relationships are less expressive compared to Method B (e.g., 'isInfluencedBy' is less specific than 'reachesMaximumAt'). | Method A does not utilize the 'narrower' relationship effectively to represent hierarchical relationships.","The few-shot approach might introduce some ambiguity if the context is not perfectly clear. However, the added information generally improves clarity."
figure_3.3.jpg,One-Shot,Few-Shot,B,"Method B demonstrates better completeness by explicitly stating the dynamic relationship between SoilPStatus and Time, which is a key aspect of the principle. | Method B provides more specific relationships between approaches and PRecommendations, making the knowledge graph more detailed and useful. | Method B's use of 'RiskZone' as a narrower concept of 'SoilPStatus' is more semantically appropriate than Method A's 'EnvironmentalRiskZone'.","Method A lacks the explicit connection between SoilPStatus and Time, missing a crucial aspect of the principle. | Method A's use of 'EnvironmentalRiskZone' as a narrower concept of 'SoilPStatus' is less precise than 'RiskZone'. | Method A's extraction is less complete, missing relationships between concepts that are present in the image.","The extraction is truncated, so a full evaluation of completeness is not possible. | While generally better, the few-shot method might introduce some inaccuracies if the few-shot context is not perfectly representative of the image content."
figure_3.4.jpg,Few-Shot,One-Shot,A,"Method A provides more detailed information about the relationships between concepts, including the specific relationship between SoilOlsenPContent and RelativeYieldOfWheat. | Method A explicitly defines the context of the relationship as 'LongTermExperimentsInChina', providing more context than Method B's 'describesContext'. | Method A includes definitions for all concepts, providing a more complete understanding of the data. | Method A uses 'depictsRelationshipBetween' which is more specific and descriptive than 'describesRelationshipBetween'.",,"Method B's 'describesContext' is less specific than Method A's 'conductedIn'. | Method B lacks definitions for some concepts, making the data less self-contained."
figure_4.1.jpg,One-Shot,Few-Shot,A,"Method A provides more detailed information about the relationships between concepts, including specific relationships like 'illustratesRelationshipBetween' and 'hasXAxis'. | Method A includes the source of the data ('she:ZhuEtAl2020'), which is valuable information. | Method A's triples are more granular and directly reflect the structure of the image content, such as the axes of the graph.",,Method B's triples are less specific and rely on more general relationships like 'investigates' and 'measures'. | Method B lacks the detailed information about the axes and source of the data present in Method A. | The few-shot approach in Method B results in less comprehensive coverage of the relationships within the image.
figure_5.2.jpg,One-Shot,Few-Shot,B,"Method B provides more descriptive definitions for the relationships between concepts (e.g., 'she:definesLowerBoundaryForRisk'). This enhances the semantic richness and expressiveness of the RDF triples. | Method B includes more specific relationships between concepts, such as defining boundaries for risk and implications, which are crucial for understanding the context of the thresholds. | Method B's definition for 'schematic representation of thresholds' is more informative than Method A's prefLabel, providing a clear explanation of what the concept represents.","Method A lacks explicit definitions for relationships between concepts, relying solely on skos:narrower. This limits the expressiveness and interpretability of the triples. | Method A's prefLabels are less descriptive compared to Method B's definition, making it harder to understand the meaning of the concepts without additional context.",
figure_6.1.jpg,One-Shot,Few-Shot,B,"Method B provides more descriptive relationships between concepts (e.g., 'isCharacterizedBy', 'maintains', 'causesTemporaryIncreaseIn', 'describesBehaviorOf', 'describesTrendOf'). | Method B includes more concepts and relationships, leading to a potentially more complete representation of the knowledge. | Method B's use of 'she:isLevelOf' provides a clearer relationship between 'DesiredValueRange' and 'SoilBiologicalCondition'.","Method A lacks descriptive relationships, relying primarily on 'skos:narrower' for connections. | Method A's triples are less expressive and don't capture the nuances of the relationships between concepts as effectively as Method B.",Method B's few-shot approach might introduce some ambiguity if the few-shot relationships are not well-defined or if the context is not clear. | The truncation of Method B's triples prevents a full evaluation of completeness.
figure_8.1.jpg,One-Shot,Few-Shot,B,"Method B includes a 'definition' property for 'Machinery' which provides additional context not present in Method A. This enhances the semantic richness of the extraction. | Method B includes a 'causesStress' property for 'Machinery', explicitly linking machinery to stress, which is a more direct and informative relationship than the 'generatesStress' property in Method A.","Missing 'definition' property for 'Machinery', limiting the descriptive power of the extraction. | Using 'generatesStress' which is less direct than 'causesStress' in expressing the relationship between machinery and stress.",
table_1.2.jpg,One-Shot,Few-Shot,B,"Method B provides more complete definitions for concepts like 'NutrientMobilisationCapacity' and 'NutrientBufferingCapacity', which enhances understanding and expressiveness. | Method B includes all the triples present in Method A, ensuring no information is lost.",Missing definitions for 'NutrientMobilisationCapacity' and 'NutrientBufferingCapacity' which limits the completeness of the knowledge representation.,
table_1.3.jpg,Few-Shot,One-Shot,A,"Method A provides more complete definitions and relationships between concepts using skos:narrower and skos:prefLabel. | Method A's triples are more detailed and explicitly define the hierarchy of soil degradation types, impacts, and affected services. | Method A's use of skos:narrower creates a clearer semantic structure, explicitly defining the relationships between concepts.",,
table_1.5.jpg,One-Shot,Few-Shot,A,"Method A provides a complete and valid RDF representation of the provided triples. | Method B is identical to Method A, therefore it is equally correct and complete.",,
table_1.7.jpg,One-Shot,Few-Shot,B,"Method B demonstrates better completeness by including more of the relevant objectives and targets from the image content. | Method B's triples are more concise and directly represent the relationships between concepts, leading to better readability and potentially easier reasoning.","Method A's triples are less complete, missing some key relationships and objectives. | Method A's structure is more verbose, using 'she:hasObjective' repeatedly, which can be less efficient than using 'she:hasTarget' as in Method B.",
table_1.7_cont.jpg,Few-Shot,One-Shot,A,"Method A provides more specific relationships between concepts, such as 'she:hasColumn' and 'she:hasTitle', which offer a more detailed representation of the table's structure and content. | Method A includes more concepts and relationships, leading to a potentially more complete representation of the information in the image.  The inclusion of 'she:PolicyDocument' and 'she:RelevantPolicyObjectivesOrTargets' provides a clearer categorization. | Method A's structure is more aligned with representing a table, explicitly defining columns and titles, which is a reasonable interpretation of the image content.",,Method B incorrectly assigns the prefLabel 'table 1.7 soil-related policy objectives and targets at eu and global levels (binding and incentive-based non-binding policies and measures) (cont.)' to the 'Table1_7' concept. This is a misrepresentation of the relationship between the table and its content. | Method B uses 'she:definesObjective' which is less precise than 'she:hasObjectiveOrTarget' in describing the relationship between the ZeroPollutionActionPlan and its objectives.
table_10.1.jpg,Few-Shot,One-Shot,B,"Method B provides more specific and detailed information about the relationships between concepts (e.g., 'occursIn', 'hasIndicator'). | Method B includes more concepts and relationships, leading to a more complete representation of the information in the image. | Method B demonstrates better understanding of the relationships between soil threats, locations, and indicators.",Method A is too abstract and lacks specific relationships between concepts. | Method A does not capture the hierarchical relationships as effectively as Method B. | Method A is incomplete in representing the relationships between soil threats and their occurrences.,"The provided extraction is truncated, so a full evaluation of completeness is not possible. | While generally better, the extraction might still miss some details present in the image due to truncation."
table_10.1_cont.jpg,Few-Shot,One-Shot,A,"Method A provides more detailed relationships and a clearer hierarchy of concepts (narrower relationships). | Method A includes more specific properties like 'note' and 'remark' which add valuable context. | Method A demonstrates a more complete representation of the relationships between concepts, including the broader concept of 'SoilThreatIndicators'.",,Method B lacks the hierarchical structure and detailed relationships present in Method A. | Method B's use of 'broader' is less informative than 'narrower' in describing concept relationships. | Method B's triples are less expressive and provide less context compared to Method A.
table_10.2_cont.jpg,One-Shot,Few-Shot,A,"Method A provides a more complete and structured hierarchy of soil monitoring parameters, clearly defining 'ParametersForSoilMonitoring' and its narrower concepts. | Method A's use of 'skos:narrower' creates a well-defined taxonomy, which is a core principle of SKOS. | Method B introduces 'SamplingIntensityLevel' which is not directly evident from the provided context and seems like an added layer of complexity without clear grounding in the image content. | Method A's triples are more consistent in their structure and use of relationships (e.g., 'she:usesDataOn'). | Method A's extraction appears to be more directly related to the core concepts of soil health monitoring, while Method B introduces concepts like 'Table7_4' which are less directly linked to the fundamental data.",,The introduction of 'SamplingIntensityLevel' and related concepts seems extraneous and not directly supported by the provided context. | The use of 'she:seeAlso' without a clear relationship to the core concepts is less informative than 'she:narrower' or 'she:usesDataOn'.
table_2.10.jpg,Few-Shot,One-Shot,A,"Method A provides more detailed information, including relationships between concepts (narrower, isElaboratedBasedOn) and specific data sources (hasSOCDataSource). | Method A includes more specific properties like 'concernsCroplandArea' and 'hasSOCDataSource' which are more informative and directly related to the content. | Method A's structure with skos:Concept and skos:prefLabel is more aligned with representing a knowledge graph of concepts and their definitions.",,"Method B lacks explicit relationships between concepts, relying heavily on 'broader' and 'implication' which are less expressive. | Method B introduces new concepts (she:SomContent, she:EuropeanCroplandArea) that are not directly linked to the core topic of the questionnaire thresholds, making the extraction less focused. | Method B's use of 'specificallyConcernsRegion' is less precise than Method A's 'concernsCroplandArea'."
table_2.11.jpg,One-Shot,Few-Shot,B,"Method B provides more specific relationships between concepts (e.g., `she:derivedFrom`, `she:hasClimate`, `she:hasRepresentativity`, `she:hasTexture`) which are more informative and aligned with the likely semantic relationships in the image. | Method B establishes connections between climate and representativity/texture, offering a more structured and interconnected representation of the data. | Method B includes information about the number of observations associated with representativity, which is a valuable detail. | Method B is more complete in representing the relationships between climate, representativity, and texture categories.","Method A lacks relationships between different concepts, presenting a list of concepts without explicitly linking them. | Method A does not include information about the climate or representativity associated with each threshold category. | Method A is less informative as it primarily focuses on defining concepts rather than establishing relationships between them.","Method B is truncated, so a full evaluation is not possible. However, the provided snippet suggests that the extraction might be incomplete if the full image content is not considered. | The few-shot approach might not be as robust as the one-shot approach if the image contains a large number of unique concepts."
table_2.2.jpg,Few-Shot,One-Shot,Tie,Both methods extract the same triples and have identical content. | Both methods demonstrate valid RDF syntax.,,
table_2.3.jpg,One-Shot,Few-Shot,B,"Method B includes more triples and covers a broader range of concepts related to SOC thresholds, demonstrating greater completeness. | Method B's inclusion of `she:isDerivedFrom she:BenchmarkSites` adds valuable relational information not present in Method A.","Method A is incomplete, missing several concepts present in Method B (e.g., `she:SoilVulnerabilityIndexBasedOnSOCClayRatio`, `she:FarmersPerspectiveOnDeficientSOC`). | Method A lacks the relational information provided by `she:isDerivedFrom` in Method B, limiting the expressiveness of the extracted knowledge.","The provided extraction is truncated, so a full evaluation of completeness is not possible. However, based on the available triples, there are no apparent errors in correctness or RDF validity."
table_2.5.jpg,One-Shot,Few-Shot,Tie,API_ERROR: Failed after 5 attempts. Last error: None,,
table_2.6.jpg,One-Shot,Few-Shot,A,"Method A provides more detailed information about the relationships between concepts (e.g., 'considersTexture', 'considersLandUseType', 'providesBenchmark') which is more aligned with the original data's structure. | Method A includes specific benchmark values (e.g., 'LowerSOCBenchmark', 'hasArableSoilLowMAPRange', 'hasArableSoilLowMAPBenchmark') which are absent in Method B. | Method A's structure is more consistent with a knowledge graph representation, using properties to link concepts together. | Method B's triples are less specific and more focused on hierarchical relationships (narrower) without the detailed property-based connections.",,"Method B lacks specific benchmark values and detailed property-based relationships, resulting in a less comprehensive representation of the data. | The use of 'narrower' in Method B is less expressive than the property-based relationships in Method A."
table_2.7.jpg,One-Shot,Few-Shot,A,"Method A provides a more complete and detailed hierarchy of soil structure concepts, including specific ranges and explanations. | Method A includes more concepts related to the soil structure evaluation process (e.g., 'FieldLevelOptimum', 'MinimumDesiredSocLevel', 'UnacceptableStructuralSoilQuality'). | Method A has a more comprehensive set of concepts related to the relationship between clay ratio and soil structure, including specific correspondences between clay ratio ranges and soil structure levels.",,"Method B lacks the detailed hierarchy and specific concepts found in Method A, resulting in a less complete representation of the soil health data. | Method B's concepts are more general and lack the specific explanations and relationships present in Method A. | Method B's inclusion of 'VESS' and related concepts, while potentially relevant, is not directly linked to the core concepts of soil structure and clay ratio as presented in Method A."
table_2.8.jpg,Few-Shot,One-Shot,B,"Method B provides more detailed relationships between concepts, explicitly stating dependencies, application layers, excluded influences, and methods used. This offers a richer semantic understanding of the data. | Method B establishes relationships between different concepts (e.g., `she:ClayAndFineSiltContent`, `she:SOCContentInSandySoils`) which enhances the overall knowledge graph structure. Method A focuses primarily on the definition of a single concept. | Method B includes more specific properties like `she:isCharacteristicOf`, `she:hasUpperLimit`, and `she:hasLowerLimit`, which are valuable for representing the characteristics of different soil types.","Method A lacks explicit relationships between concepts, making it difficult to infer connections and build a comprehensive knowledge graph. | Method A's extraction is limited to the definition of a single concept, lacking broader context and relationships within the soil health domain.","Method B is truncated, so the completeness of the extraction cannot be fully assessed. However, the provided snippet suggests that the full extraction might be even more comprehensive. | The truncation prevents a full evaluation of the validity of all triples."
table_3.1.jpg,One-Shot,Few-Shot,B,"Method B includes more concepts and relationships, leading to a more complete representation of the image content. | Method B's few-shot approach allows for the inclusion of more specific concepts like 'WoodAndFibreProduction' and 'FilteringOfContaminantsWaterQuality', which are present in the image and enhance the semantic richness of the RDF data. | Method B is more complete in defining the relationships between concepts, providing a more comprehensive understanding of the image's subject matter.","Method A is incomplete, missing several key concepts and relationships that are present in the image. | Method A lacks specific examples of soil services, limiting the detail of the representation.",
table_3.2.jpg,Few-Shot,One-Shot,A,"Method A provides a more complete and structured representation of the relationships between the concepts. | Method A explicitly defines the relationships between the concepts using 'skos:narrower' and 'she:hasCNRatioRange', which is more semantically rich. | Method A's triples are more directly related to the image content by explicitly defining the concepts and their properties.",,"Method B's triples are less detailed and rely on broader concepts like 'Indication' and 'CNRatioInOrganicLayers', which lack the specificity of Method A. | Method B's triples are incomplete, as the provided snippet is truncated and does not include the full definition of 'LowToModerateNRetentionModerateToHighNLeachingPotential'."
table_4.1.jpg,Few-Shot,One-Shot,A,"Method A provides a more complete and structured ontology by explicitly defining relationships between concepts (e.g., 'RelationshipOfSoilAcidificationToSocietalNeedsAndSoilFunctions'). | Method A uses 'narrower' relationships to create a hierarchy of concepts, which is more semantically rich and allows for more precise querying. | Method A includes a broader range of concepts related to soil services and societal needs, offering a more comprehensive representation of the domain. | Method A's structure is more consistent and follows best practices for RDF ontology design.",,"Method B relies heavily on 'broader' relationships, which can be less expressive than 'narrower' relationships for defining hierarchical structures. | Method B's ontology is less comprehensive compared to Method A, missing several concepts and relationships. | Method B's structure is less consistent and lacks the depth of relationships found in Method A."
table_4.2.jpg,One-Shot,Few-Shot,A,"Method A provides a more comprehensive and structured representation of the relationships between concepts (e.g., 'narrower', 'broader') and properties ('hasOptimumPH'). | Method A includes a wider range of concepts and properties, capturing more of the information present in the image. | Method A's use of 'skos:narrower' and 'skos:broader' creates a more explicit hierarchy of concepts, which is beneficial for reasoning and querying. | Method A's triples are more aligned with standard semantic web practices and are more easily extensible.",,"Method B lacks the hierarchical structure provided by 'skos:narrower' and 'skos:broader', making it less suitable for complex reasoning. | Method B's use of 'she:hasOptimalPH' with string values ('7.0', '6.5', etc.) is less semantically rich than Method A's use of 'she:hasOptimumPH' with a concept representing the pH value. | Method B is less complete, missing relationships between concepts that are present in the image."
table_4.3.jpg,Few-Shot,One-Shot,A,"Method A provides a more structured and comprehensive ontology, defining relationships between concepts like 'Crop', 'PHAt95PercentYield', and 'ShortTermManipulationExperiments'. | Method A uses 'skos:narrower' to establish hierarchical relationships, which is a standard practice in SKOS and improves semantic clarity. | Method A explicitly defines the concepts 'ShortTermManipulationExperiments', 'LongTermObservations', and 'CombinedSTEAndLTE', providing a more detailed representation of the data source. | Method A's triples are more consistent in their structure and use of predicates, leading to better RDF validity and interoperability.",,"Method B's use of 'definition' is less standard than 'prefLabel' for providing human-readable labels. | Method B's 'STEPlusLTE' concept is less clear than 'CombinedSTEAndLTE' in Method A. | Method B's triples are less consistently structured compared to Method A, making it harder to reason about the data."
table_5.1.jpg,One-Shot,Few-Shot,B,"Method B demonstrates better completeness by explicitly linking concepts like 'RelationshipBetweenSoilPollutionAndSocietalNeedsAndSoilFunctions' and categorizing societal needs, soil services, and impacts. This provides a more structured and comprehensive representation of the relationships between concepts. | Method B exhibits better RDF validity by using more specific and descriptive predicates like 'supportsSocietalNeed' and 'hasImpactFromPollution', which clearly define the relationships between concepts.  Method A relies heavily on 'broader' and 'narrower' which can be less explicit about the nature of the relationship. | Method B's few-shot approach allows for more concise and focused triples, leading to a more manageable and understandable ontology.","Method A's use of 'broader' and 'narrower' can be ambiguous and doesn't always clearly define the type of relationship between concepts (e.g., 'broader' could imply hierarchical relationship, but it's not always the case). | Method A lacks explicit relationships between societal needs and soil services, making it harder to understand the connections between them.","Method B's few-shot approach might require more triples to represent the same information compared to a one-shot approach, potentially leading to a larger ontology. | The specific choice of categories (SocietalNeedCategory, SoilServiceCategory, ImpactCategory) might be subjective and could be refined further."
table_5.10.jpg,One-Shot,Few-Shot,A,"Method A provides more detailed information about the relationships between concepts (narrower relationships). | Method A includes more concepts and relationships, demonstrating greater completeness in representing the knowledge. | Method A's structure is more consistent with a hierarchical representation of concepts, which is typical for knowledge graphs.",,Method B uses 'broader' which is less specific than 'narrower' for defining hierarchical relationships. | Method B's use of 'usesComponent' is less standard and potentially less expressive than 'narrower' for indicating a relationship between a concept and its components.
table_5.2.jpg,One-Shot,Few-Shot,B,"Method B demonstrates better completeness by explicitly linking characteristics to diffuse and point source pollution. | Method B exhibits better correctness by establishing a clear relationship between pollution types and their specific characteristics (e.g., diffuse pollution has a diffuse pollution source). | Method B is more semantically rich, providing a more detailed and structured representation of the relationships between concepts.","Method A lacks explicit connections between the main pollution characteristics and the specific characteristics of diffuse and point source pollution. | Method A is less complete, as it doesn't define the characteristics of diffuse and point source pollution directly. | Method A's structure is less intuitive for understanding the relationships between different concepts.","Method B's extraction is truncated, so a full evaluation of completeness is not possible. | The few-shot approach might introduce redundancy if the same characteristics are defined multiple times."
table_5.5.jpg,Few-Shot,One-Shot,A,"Method A provides more detailed information about the relationships between concepts (e.g., 'narrower' relationships). | Method A's triples are more consistent with the hierarchical structure implied by the concept definitions. | Method A's use of 'she:hasNote' and 'she:coveredInReportOrElsewhere' provides more specific and actionable information.",,Method B uses 'broader' which is less precise than 'narrower' for defining hierarchical relationships. | Method B's use of 'she:note' is less semantically rich than 'she:hasNote'. | Method B's 'she:hasIndicator' and 'she:isCoveredIn' are less clear and less standard than the relationships used in Method A.
table_5.7.jpg,One-Shot,Few-Shot,B,"Method B provides more specific and detailed information about screening values for different pollutants in various countries. | Method B includes definitions for countries, enhancing the semantic richness of the extracted data. | Method B demonstrates better completeness by including screening values for multiple pollutants and countries.","Method A is incomplete, lacking information about specific pollutants and countries. | Method A's triples are less detailed and provide a more general overview. | Method A does not include any information about screening values or their context.","Method B's extraction is truncated, so a full evaluation is not possible. | The few-shot approach might be less robust to variations in the image content compared to the one-shot approach."
table_5.9.jpg,One-Shot,Few-Shot,A,"Method A provides more complete and structured definitions for concepts like 'SoilProperties' and 'DepthOfGroundwaterTable' using skos:definition. | Method A's use of skos:narrower creates a clearer hierarchical structure, explicitly defining relationships between concepts. | Method A's triples are more consistent with standard RDF practices for defining concepts and their relationships.",,Method B uses 'she:hasRoleInRiskAssessment' which is less standard and less semantically clear than using skos:definition for defining properties of concepts. | Method B's structure is less explicit in defining the hierarchical relationships between concepts compared to Method A.
table_6.1.jpg,Few-Shot,One-Shot,A,"Method A provides more detailed and complete information about the relationships between concepts. | Method A uses 'narrower' relationships to define hierarchies, which is more explicit and semantically richer than 'broader' used in Method B. | Method A includes a broader range of concepts and their relationships, leading to a more comprehensive representation of the domain. | Method A's structure is more consistent and follows a more logical hierarchy.",,"Method B uses 'broader' relationships, which can be less precise than 'narrower' in defining hierarchical relationships. | Method B's extraction is less comprehensive, missing several relationships and concepts compared to Method A. | Method B's structure is less consistent and less clearly defined."
table_6.2.jpg,One-Shot,Few-Shot,A,"Method A provides a more complete and structured representation of the relationships between concepts. | Method A's triples are more directly related to the image content, focusing on the core concepts and their hierarchical relationships. | Method A's RDF is valid and well-formed.",,
table_6.3.jpg,One-Shot,Few-Shot,A,Method A provides a more complete and structured representation of the indicators proposed for soil biodiversity monitoring. | Method A's triples are more directly related to the concept of 'indicators proposed for soil biodiversity monitoring' without relying on external references. | Method A's RDF is more concise and easier to understand.,,"Method B introduces unnecessary complexity by including references to specific publications (CreamerEtAl2019, HuberEtAl2008, Breure2004) within the 'she:proposedBy' relationships. This makes the triples less directly focused on the indicators themselves. | Method B's triples are less complete as it doesn't explicitly list all indicators in a single, clear structure like Method A. | The few-shot approach in Method B can lead to less consistent and potentially incomplete information compared to the one-shot approach of Method A."
table_6.4.jpg,Few-Shot,One-Shot,A,Method A uses 'narrower' relationship which is more appropriate for defining hierarchical relationships between concepts. Method B uses 'hasParameterClass' which is less semantically accurate for defining concept hierarchies. | Method A's structure is more consistent and follows a more logical approach to defining the relationships between concepts. Method B introduces 'Variable' which is redundant since 'EnvironmentalVariable' already exists and is more specific.,,Using 'Variable' as a narrower concept of 'EnvironmentalVariable' is redundant and less specific. | The use of 'hasParameterClass' is less semantically appropriate than 'narrower' for defining concept hierarchies.
table_6.5.jpg,Few-Shot,One-Shot,A,Method A provides more detailed information by explicitly stating the 'hasSource' for the concept 'EnvironmentalThresholdsForOTUsOfEctomycorrhizalFungi'. | Method A uses 'narrower' relationship which is more semantically appropriate for defining a hierarchy of concepts. | Method A's triples are more consistent with the provided schema and use of skos vocabulary.,,"Method B uses 'hasThresholdForDecreasingOTUs' and 'hasThresholdForIncreasingOTUs' which is less specific and less aligned with the 'skos:narrower' relationship used in Method A. The 'narrower' relationship implies a hierarchical relationship, while the 'hasThreshold...' properties are more like attributes."
table_7.1.jpg,One-Shot,Few-Shot,B,"Method B demonstrates better completeness by explicitly linking 'SoilErosion' to 'SoilSedimentVolume' and then to 'Management'. This provides a more detailed chain of relationships. | Method B's few-shot approach allows for more concise and focused triples, which can be beneficial for representing complex relationships without redundancy.",Method A's definition of 'SoilErosion' is somewhat vague and doesn't explicitly state the consequence of soil erosion (increased sediment). | Method A's triples are more verbose and less focused compared to Method B.,
table_7.2.jpg,Few-Shot,One-Shot,A,"Method A provides more specific information about individual soil loss entries (e.g., 'SoilErosionByWaterEntry1', 'SoilErosionByWaterEntry2') including their approaches, mean soil loss rates, and references. This level of detail is more informative than Method B's more abstract concepts. | Method A's structure using 'skos:narrower' creates a clear hierarchy of concepts, representing the relationships between different types of soil loss and erosion. This is a more semantically rich representation. | Method A includes specific values for properties like 'hasMeanSoilLossRate' and 'hasReference', which are directly related to the data being extracted. Method B focuses on defining concepts rather than storing the actual values.","The extraction is truncated, so it's not possible to assess completeness fully. However, the truncation is noted.",Method B's extraction is more abstract and focuses on defining concepts rather than representing the specific data values. It lacks the detailed information present in Method A. | The definition of 'table 7.2' is a bit vague and doesn't directly represent the core information about soil loss rates.
table_7.3.jpg,Few-Shot,One-Shot,Tie,"Both methods extract the same core concepts and relationships. | The completeness of the extractions appears similar, with both covering the same hierarchical structure of soil erosion indicators, agri-environmental policies, and specific indicators. | Both extractions are syntactically valid RDF.",,
table_7.4.jpg,Few-Shot,One-Shot,A,"Method A provides more detailed information about the relationships between concepts, including specific narrowers and broader terms. | Method A explicitly states the aims of concepts like 'Level1LargeScaleModelling' and 'IdentificationOfSoilErosionHotSpots', providing a clearer understanding of their purpose. | Method A's structure with multiple concepts and their relationships is more comprehensive and reflects a deeper understanding of the domain. | Method A includes more specific concepts like 'EstimatedSoilLossRateByWaterErosionOnArableLand' and 'EstimatedImpactOfManagementOnSoilErosion', offering finer-grained information.",,
table_8.1.jpg,Few-Shot,One-Shot,A,"Method A provides more detailed relationships and broader concepts. | Method A includes 'Impact' as a skos:Concept, which is a more comprehensive representation of the overall effect. | Method A includes more specific societal needs and soil services, offering a richer semantic network.",,"Method B lacks detail in the relationships between societal needs/soil services and specific concepts. | Method B's representation of 'isSupportedBy' is less comprehensive than Method A's 'narrower' relationships. | Method B is incomplete, missing many concepts and relationships compared to Method A."
table_8.3.jpg,One-Shot,Few-Shot,B,"Method B includes more properties (hasLevelIParameter, hasLevelIIParameter) which provides more detailed information about the relationships between concepts. | Method B's inclusion of 'hasLevelIIParameter' provides a more complete representation of the relationships compared to Method A which only uses 'includes'.",Method A uses 'includes' which is less expressive than 'hasLevelIParameter' and 'hasLevelIIParameter' for representing hierarchical relationships. | Method A is less complete in representing the relationships between concepts.,"The provided extraction is truncated, so a full evaluation of completeness is not possible. However, based on the available data, it appears to be more complete than Method A."
table_8.4.jpg,Few-Shot,One-Shot,A,"Method A provides more detailed information about the thresholds for bulk density, including specific ranges and associated descriptions. | Method A includes the `basedOnSource` property for `BulkDensity`, which is valuable for provenance and reproducibility. | Method A uses `hasThresholdDescription` which is more specific and descriptive than `hasThresholdValue` used in Method B.",,"Method B's `hasThresholdValue` is less descriptive than `hasThresholdDescription` in Method A. It only provides the value, not the interpretation. | Method B lacks the `basedOnSource` property for `BulkDensity`, making it harder to trace the origin of the threshold values."
table_8.5.jpg,One-Shot,Few-Shot,Tie,Both methods correctly identify the core concepts and their relationships. | Both methods maintain RDF validity. | Both methods demonstrate reasonable completeness in representing the provided information.,,
table_9.1.jpg,One-Shot,Few-Shot,A,"Method A provides a more comprehensive and detailed ontology of concepts related to soil health and its societal needs. | Method A explicitly defines relationships between concepts like 'WoodAndFibreProduction' and 'Biomass', and 'SoilSealing' and 'NegativeImpact', which are crucial for understanding the impact of soil sealing. | Method A's structure, with 'skos:narrower' relationships, creates a clear hierarchy of concepts, enhancing semantic clarity. | Method B focuses on relationships between concepts, but lacks the detailed definition of individual concepts found in Method A.",,"Method B lacks the detailed definition of individual concepts, making it less informative. | Method B's focus on relationships is less comprehensive than Method A's definition of individual concepts. | Method B's ontology is less structured and hierarchical compared to Method A."
table_9.2.jpg,Few-Shot,One-Shot,A,"Method A provides more detailed information about the relationships between indicators, including narrower concepts and definitions. | Method A's structure is more consistent with a knowledge graph approach, explicitly defining concepts and their relationships. | Method B's 'hasExplanation' property is less structured and less suitable for representing relationships between concepts.",,Method B's use of 'hasSource' and 'hasExplanation' is less precise than Method A's use of skos:narrower and skos:definition. | Method B's categorization of indicators into 'Indicator' and 'SubIndicator' is less clear and less useful than Method A's hierarchical structure.
table_9.3.jpg,One-Shot,Few-Shot,B,"Method B includes 'SoilSealingData' which is a more specific concept than just 'AvailableNationalSoilSealingDataComparedWithCopernicusData2015'. | Method B includes 'CountrySize' as a narrower concept of 'Country', which is a more accurate representation of the relationship. | Method B includes 'SoilSealingData' which captures the combined concept of area and percentage, providing more information than Method A's separate 'Area' and 'Percentage' concepts.",Missing 'CountrySize' as a narrower concept of 'Country'. | Missing 'SoilSealingData' concept which combines area and percentage information. | Less specific concepts compared to Method B.,"The extraction is truncated, so a full evaluation is not possible. | The relationship between 'SoilSealingData' and 'EEACopernicusData' is not fully defined in the provided snippet."
table_9.4.jpg,One-Shot,Few-Shot,B,"Method B demonstrates better completeness by including relationships between concepts (narrower relationships) and explicitly defining column headers (target, indicator, source). | Method B's few-shot approach allows for more structured and interconnected knowledge representation, leading to a more comprehensive understanding of the relationships between different targets and their associated indicators and sources.","Method A lacks relationships between concepts. It only defines individual concepts and their labels, missing connections between targets, indicators, and sources. | Method A is incomplete as it only extracts individual triples without establishing a broader context or hierarchical relationships.","Method B's few-shot approach might require more complex reasoning to infer all possible relationships between concepts, but it provides a more structured and extensible framework."
