image,node_label_triples,node_output_triples,node_overlap_triples,node_precision,node_recall,node_f1,node_jaccard,edge_label_triples,edge_output_triples,edge_overlap_triples,edge_precision,edge_recall,edge_f1,edge_jaccard,overall_label_triples,overall_output_triples,overall_overlap_triples,overall_precision,overall_recall,overall_f1,overall_jaccard
0,18,13,9,0.6923,0.5,0.5806,0.4091,16,16,5,0.3125,0.3125,0.3125,0.1852,34,29,14,0.4828,0.4118,0.4444,0.2857
2,20,20,13,0.65,0.65,0.65,0.4815,19,19,12,0.6316,0.6316,0.6316,0.4615,39,39,25,0.641,0.641,0.641,0.4717
3,26,26,14,0.5385,0.5385,0.5385,0.3684,25,25,15,0.6,0.6,0.6,0.4286,51,51,29,0.5686,0.5686,0.5686,0.3973
4,26,23,11,0.4783,0.4231,0.449,0.2895,26,18,10,0.5556,0.3846,0.4545,0.2941,52,41,21,0.5122,0.4038,0.4516,0.2917
6,26,18,11,0.6111,0.4231,0.5,0.3333,26,26,8,0.3077,0.3077,0.3077,0.1818,52,44,19,0.4318,0.3654,0.3958,0.2468
8,12,12,6,0.5,0.5,0.5,0.3333,10,10,5,0.5,0.5,0.5,0.3333,22,22,11,0.5,0.5,0.5,0.3333
9,17,17,9,0.5294,0.5294,0.5294,0.36,16,16,10,0.625,0.625,0.625,0.4545,33,33,19,0.5758,0.5758,0.5758,0.4043
10,11,9,6,0.6667,0.5455,0.6,0.4286,7,7,2,0.2857,0.2857,0.2857,0.1667,18,16,8,0.5,0.4444,0.4706,0.3077
11,14,6,5,0.8333,0.3571,0.5,0.3333,12,12,4,0.3333,0.3333,0.3333,0.2,26,18,9,0.5,0.3462,0.4091,0.2571
12,20,14,9,0.6429,0.45,0.5294,0.36,20,20,6,0.3,0.3,0.3,0.1765,40,34,15,0.4412,0.375,0.4054,0.2542
13,17,18,11,0.6111,0.6471,0.6286,0.4583,16,16,10,0.625,0.625,0.625,0.4545,33,34,21,0.6176,0.6364,0.6269,0.4565
14,17,12,10,0.8333,0.5882,0.6897,0.5263,16,16,5,0.3125,0.3125,0.3125,0.1852,33,28,15,0.5357,0.4545,0.4918,0.3261
17,15,12,10,0.8333,0.6667,0.7407,0.5882,13,13,4,0.3077,0.3077,0.3077,0.1818,28,25,14,0.56,0.5,0.5283,0.359
18,17,17,11,0.6471,0.6471,0.6471,0.4783,16,16,10,0.625,0.625,0.625,0.4545,33,33,21,0.6364,0.6364,0.6364,0.4667
23,24,24,16,0.6667,0.6667,0.6667,0.5,22,22,14,0.6364,0.6364,0.6364,0.4667,46,46,30,0.6522,0.6522,0.6522,0.4839
25,16,17,5,0.2941,0.3125,0.303,0.1786,15,20,4,0.2,0.2667,0.2286,0.129,31,37,9,0.2432,0.2903,0.2647,0.1525
28,26,27,17,0.6296,0.6538,0.6415,0.4722,23,26,14,0.5385,0.6087,0.5714,0.4,49,53,31,0.5849,0.6327,0.6078,0.4366
29,23,23,15,0.6522,0.6522,0.6522,0.4839,22,22,14,0.6364,0.6364,0.6364,0.4667,45,45,29,0.6444,0.6444,0.6444,0.4754
30,17,17,8,0.4706,0.4706,0.4706,0.3077,16,16,8,0.5,0.5,0.5,0.3333,33,33,16,0.4848,0.4848,0.4848,0.32
31,17,17,11,0.6471,0.6471,0.6471,0.4783,18,18,12,0.6667,0.6667,0.6667,0.5,35,35,23,0.6571,0.6571,0.6571,0.4894
33,17,12,10,0.8333,0.5882,0.6897,0.5263,16,16,5,0.3125,0.3125,0.3125,0.1852,33,28,15,0.5357,0.4545,0.4918,0.3261
34,22,22,15,0.6818,0.6818,0.6818,0.5172,21,21,14,0.6667,0.6667,0.6667,0.5,43,43,29,0.6744,0.6744,0.6744,0.5088
35,17,17,11,0.6471,0.6471,0.6471,0.4783,16,16,10,0.625,0.625,0.625,0.4545,33,33,21,0.6364,0.6364,0.6364,0.4667
37,23,16,11,0.6875,0.4783,0.5641,0.3929,23,23,7,0.3043,0.3043,0.3043,0.1795,46,39,18,0.4615,0.3913,0.4235,0.2687
38,25,25,17,0.68,0.68,0.68,0.5152,23,23,14,0.6087,0.6087,0.6087,0.4375,48,48,31,0.6458,0.6458,0.6458,0.4769
39,11,11,7,0.6364,0.6364,0.6364,0.4667,13,13,8,0.6154,0.6154,0.6154,0.4444,24,24,15,0.625,0.625,0.625,0.4545
40,16,10,4,0.4,0.25,0.3077,0.1818,17,17,5,0.2941,0.2941,0.2941,0.1724,33,27,9,0.3333,0.2727,0.3,0.1765
41,14,14,9,0.6429,0.6429,0.6429,0.4737,12,12,8,0.6667,0.6667,0.6667,0.5,26,26,17,0.6538,0.6538,0.6538,0.4857
44,23,24,15,0.625,0.6522,0.6383,0.4688,22,22,14,0.6364,0.6364,0.6364,0.4667,45,46,29,0.6304,0.6444,0.6374,0.4677
45,17,17,9,0.5294,0.5294,0.5294,0.36,16,16,9,0.5625,0.5625,0.5625,0.3913,33,33,18,0.5455,0.5455,0.5455,0.375
46,14,14,9,0.6429,0.6429,0.6429,0.4737,13,13,8,0.6154,0.6154,0.6154,0.4444,27,27,17,0.6296,0.6296,0.6296,0.4595
47,14,10,9,0.9,0.6429,0.75,0.6,12,12,4,0.3333,0.3333,0.3333,0.2,26,22,13,0.5909,0.5,0.5417,0.3714
48,23,16,11,0.6875,0.4783,0.5641,0.3929,22,22,6,0.2727,0.2727,0.2727,0.1579,45,38,17,0.4474,0.3778,0.4096,0.2576
49,14,14,9,0.6429,0.6429,0.6429,0.4737,12,12,8,0.6667,0.6667,0.6667,0.5,26,26,17,0.6538,0.6538,0.6538,0.4857
52,18,18,12,0.6667,0.6667,0.6667,0.5,16,16,10,0.625,0.625,0.625,0.4545,34,34,22,0.6471,0.6471,0.6471,0.4783
55,11,11,7,0.6364,0.6364,0.6364,0.4667,10,10,6,0.6,0.6,0.6,0.4286,21,21,13,0.619,0.619,0.619,0.4483
57,26,28,14,0.5,0.5385,0.5185,0.35,22,26,13,0.5,0.5909,0.5417,0.3714,48,54,27,0.5,0.5625,0.5294,0.36
60,15,15,10,0.6667,0.6667,0.6667,0.5,13,13,8,0.6154,0.6154,0.6154,0.4444,28,28,18,0.6429,0.6429,0.6429,0.4737
62,26,26,15,0.5769,0.5769,0.5769,0.4054,25,25,14,0.56,0.56,0.56,0.3889,51,51,29,0.5686,0.5686,0.5686,0.3973
63,26,26,14,0.5385,0.5385,0.5385,0.3684,25,25,16,0.64,0.64,0.64,0.4706,51,51,30,0.5882,0.5882,0.5882,0.4167
64,23,23,13,0.5652,0.5652,0.5652,0.3939,22,22,12,0.5455,0.5455,0.5455,0.375,45,45,25,0.5556,0.5556,0.5556,0.3846
65,14,10,9,0.9,0.6429,0.75,0.6,12,12,4,0.3333,0.3333,0.3333,0.2,26,22,13,0.5909,0.5,0.5417,0.3714
66,21,21,14,0.6667,0.6667,0.6667,0.5,19,19,12,0.6316,0.6316,0.6316,0.4615,40,40,26,0.65,0.65,0.65,0.4815
67,28,17,14,0.8235,0.5,0.6222,0.4516,26,28,8,0.2857,0.3077,0.2963,0.1739,54,45,22,0.4889,0.4074,0.4444,0.2857
68,26,22,18,0.8182,0.6923,0.75,0.6,24,24,7,0.2917,0.2917,0.2917,0.1707,50,46,25,0.5435,0.5,0.5208,0.3521
71,35,32,1,0.0312,0.0286,0.0299,0.0152,27,30,0,0.0,0.0,0,0.0,62,62,1,0.0161,0.0161,0.0161,0.0081
75,32,32,21,0.6562,0.6562,0.6562,0.4884,30,30,20,0.6667,0.6667,0.6667,0.5,62,62,41,0.6613,0.6613,0.6613,0.494
76,18,14,9,0.6429,0.5,0.5625,0.3913,15,15,3,0.2,0.2,0.2,0.1111,33,29,12,0.4138,0.3636,0.3871,0.24
78,24,18,16,0.8889,0.6667,0.7619,0.6154,22,22,7,0.3182,0.3182,0.3182,0.1892,46,40,23,0.575,0.5,0.5349,0.3651
80,23,16,15,0.9375,0.6522,0.7692,0.625,21,21,7,0.3333,0.3333,0.3333,0.2,44,37,22,0.5946,0.5,0.5432,0.3729
81,23,23,15,0.6522,0.6522,0.6522,0.4839,22,22,14,0.6364,0.6364,0.6364,0.4667,45,45,29,0.6444,0.6444,0.6444,0.4754
86,17,17,11,0.6471,0.6471,0.6471,0.4783,16,16,10,0.625,0.625,0.625,0.4545,33,33,21,0.6364,0.6364,0.6364,0.4667
87,33,23,1,0.0435,0.0303,0.0357,0.0182,27,29,0,0.0,0.0,0,0.0,60,52,1,0.0192,0.0167,0.0179,0.009
90,26,26,17,0.6538,0.6538,0.6538,0.4857,25,25,16,0.64,0.64,0.64,0.4706,51,51,33,0.6471,0.6471,0.6471,0.4783
93,14,14,9,0.6429,0.6429,0.6429,0.4737,13,13,8,0.6154,0.6154,0.6154,0.4444,27,27,17,0.6296,0.6296,0.6296,0.4595
94,22,22,13,0.5909,0.5909,0.5909,0.4194,18,18,9,0.5,0.5,0.5,0.3333,40,40,22,0.55,0.55,0.55,0.3793
99,33,29,1,0.0345,0.0303,0.0323,0.0164,25,30,0,0.0,0.0,0,0.0,58,59,1,0.0169,0.0172,0.0171,0.0086
100,11,11,6,0.5455,0.5455,0.5455,0.375,7,11,4,0.3636,0.5714,0.4444,0.2857,18,22,10,0.4545,0.5556,0.5,0.3333
107,17,17,11,0.6471,0.6471,0.6471,0.4783,15,15,10,0.6667,0.6667,0.6667,0.5,32,32,21,0.6562,0.6562,0.6562,0.4884
109,20,14,13,0.9286,0.65,0.7647,0.619,18,18,6,0.3333,0.3333,0.3333,0.2,38,32,19,0.5938,0.5,0.5429,0.3725
111,20,20,13,0.65,0.65,0.65,0.4815,19,19,12,0.6316,0.6316,0.6316,0.4615,39,39,25,0.641,0.641,0.641,0.4717
113,24,24,12,0.5,0.5,0.5,0.3333,21,21,9,0.4286,0.4286,0.4286,0.2727,45,45,21,0.4667,0.4667,0.4667,0.3043
114,20,23,13,0.5652,0.65,0.6047,0.4333,19,22,12,0.5455,0.6316,0.5854,0.4138,39,45,25,0.5556,0.641,0.5952,0.4237
116,28,28,14,0.5,0.5,0.5,0.3333,26,26,15,0.5769,0.5769,0.5769,0.4054,54,54,29,0.537,0.537,0.537,0.3671
118,17,17,9,0.5294,0.5294,0.5294,0.36,16,16,10,0.625,0.625,0.625,0.4545,33,33,19,0.5758,0.5758,0.5758,0.4043
119,18,18,10,0.5556,0.5556,0.5556,0.3846,16,16,9,0.5625,0.5625,0.5625,0.3913,34,34,19,0.5588,0.5588,0.5588,0.3878
120,17,17,11,0.6471,0.6471,0.6471,0.4783,16,16,10,0.625,0.625,0.625,0.4545,33,33,21,0.6364,0.6364,0.6364,0.4667
121,21,21,12,0.5714,0.5714,0.5714,0.4,19,19,11,0.5789,0.5789,0.5789,0.4074,40,40,23,0.575,0.575,0.575,0.4035
125,21,21,14,0.6667,0.6667,0.6667,0.5,19,19,12,0.6316,0.6316,0.6316,0.4615,40,40,26,0.65,0.65,0.65,0.4815
134,24,26,14,0.5385,0.5833,0.56,0.3889,20,26,12,0.4615,0.6,0.5217,0.3529,44,52,26,0.5,0.5909,0.5417,0.3714
147,23,23,13,0.5652,0.5652,0.5652,0.3939,22,22,12,0.5455,0.5455,0.5455,0.375,45,45,25,0.5556,0.5556,0.5556,0.3846
148,15,14,9,0.6429,0.6,0.6207,0.45,12,12,8,0.6667,0.6667,0.6667,0.5,27,26,17,0.6538,0.6296,0.6415,0.4722
153,17,11,10,0.9091,0.5882,0.7143,0.5556,19,19,6,0.3158,0.3158,0.3158,0.1875,36,30,16,0.5333,0.4444,0.4848,0.32
163,17,17,9,0.5294,0.5294,0.5294,0.36,16,16,10,0.625,0.625,0.625,0.4545,33,33,19,0.5758,0.5758,0.5758,0.4043
166,17,17,9,0.5294,0.5294,0.5294,0.36,16,16,9,0.5625,0.5625,0.5625,0.3913,33,33,18,0.5455,0.5455,0.5455,0.375
170,23,16,12,0.75,0.5217,0.6154,0.4444,22,22,6,0.2727,0.2727,0.2727,0.1579,45,38,18,0.4737,0.4,0.4337,0.2769
171,22,16,13,0.8125,0.5909,0.6842,0.52,20,20,6,0.3,0.3,0.3,0.1765,42,36,19,0.5278,0.4524,0.4872,0.322
174,17,20,9,0.45,0.5294,0.4865,0.3214,16,16,8,0.5,0.5,0.5,0.3333,33,36,17,0.4722,0.5152,0.4928,0.3269
192,29,29,17,0.5862,0.5862,0.5862,0.4146,23,23,12,0.5217,0.5217,0.5217,0.3529,52,52,29,0.5577,0.5577,0.5577,0.3867
193,29,30,1,0.0333,0.0345,0.0339,0.0172,26,30,0,0.0,0.0,0,0.0,55,60,1,0.0167,0.0182,0.0174,0.0088
198,11,9,4,0.4444,0.3636,0.4,0.25,7,7,1,0.1429,0.1429,0.1429,0.0769,18,16,5,0.3125,0.2778,0.2941,0.1724
203,38,26,1,0.0385,0.0263,0.0312,0.0159,30,32,0,0.0,0.0,0,0.0,68,58,1,0.0172,0.0147,0.0159,0.008
204,23,23,15,0.6522,0.6522,0.6522,0.4839,23,23,14,0.6087,0.6087,0.6087,0.4375,46,46,29,0.6304,0.6304,0.6304,0.4603
212,20,20,13,0.65,0.65,0.65,0.4815,19,19,12,0.6316,0.6316,0.6316,0.4615,39,39,25,0.641,0.641,0.641,0.4717
215,20,20,13,0.65,0.65,0.65,0.4815,17,17,10,0.5882,0.5882,0.5882,0.4167,37,37,23,0.6216,0.6216,0.6216,0.451
222,17,12,10,0.8333,0.5882,0.6897,0.5263,16,16,5,0.3125,0.3125,0.3125,0.1852,33,28,15,0.5357,0.4545,0.4918,0.3261
224,27,19,17,0.8947,0.6296,0.7391,0.5862,25,25,8,0.32,0.32,0.32,0.1905,52,44,25,0.5682,0.4808,0.5208,0.3521
229,17,17,11,0.6471,0.6471,0.6471,0.4783,16,16,10,0.625,0.625,0.625,0.4545,33,33,21,0.6364,0.6364,0.6364,0.4667
233,22,14,11,0.7857,0.5,0.6111,0.44,20,20,6,0.3,0.3,0.3,0.1765,42,34,17,0.5,0.4048,0.4474,0.2881
238,38,36,1,0.0278,0.0263,0.027,0.0137,33,35,0,0.0,0.0,0,0.0,71,71,1,0.0141,0.0141,0.0141,0.0071
239,14,10,9,0.9,0.6429,0.75,0.6,12,12,4,0.3333,0.3333,0.3333,0.2,26,22,13,0.5909,0.5,0.5417,0.3714
244,30,29,1,0.0345,0.0333,0.0339,0.0172,11,29,0,0.0,0.0,0,0.0,41,58,1,0.0172,0.0244,0.0202,0.0102
250,30,29,1,0.0345,0.0333,0.0339,0.0172,27,28,0,0.0,0.0,0,0.0,57,57,1,0.0175,0.0175,0.0175,0.0088
252,27,27,18,0.6667,0.6667,0.6667,0.5,25,25,16,0.64,0.64,0.64,0.4706,52,52,34,0.6538,0.6538,0.6538,0.4857
254,26,18,17,0.9444,0.6538,0.7727,0.6296,24,24,8,0.3333,0.3333,0.3333,0.2,50,42,25,0.5952,0.5,0.5435,0.3731
258,14,14,6,0.4286,0.4286,0.4286,0.2727,13,13,6,0.4615,0.4615,0.4615,0.3,27,27,12,0.4444,0.4444,0.4444,0.2857
259,24,24,16,0.6667,0.6667,0.6667,0.5,22,22,14,0.6364,0.6364,0.6364,0.4667,46,46,30,0.6522,0.6522,0.6522,0.4839
262,23,23,15,0.6522,0.6522,0.6522,0.4839,22,22,14,0.6364,0.6364,0.6364,0.4667,45,45,29,0.6444,0.6444,0.6444,0.4754
263,17,17,11,0.6471,0.6471,0.6471,0.4783,13,16,8,0.5,0.6154,0.5517,0.381,30,33,19,0.5758,0.6333,0.6032,0.4318
268,16,16,11,0.6875,0.6875,0.6875,0.5238,14,14,8,0.5714,0.5714,0.5714,0.4,30,30,19,0.6333,0.6333,0.6333,0.4634
273,20,15,11,0.7333,0.55,0.6286,0.4583,17,20,5,0.25,0.2941,0.2703,0.1562,37,35,16,0.4571,0.4324,0.4444,0.2857
274,17,12,8,0.6667,0.4706,0.5517,0.381,13,16,4,0.25,0.3077,0.2759,0.16,30,28,12,0.4286,0.4,0.4138,0.2609
275,26,24,15,0.625,0.5769,0.6,0.4286,22,25,14,0.56,0.6364,0.5957,0.4242,48,49,29,0.5918,0.6042,0.5979,0.4265
276,17,12,11,0.9167,0.6471,0.7586,0.6111,15,15,5,0.3333,0.3333,0.3333,0.2,32,27,16,0.5926,0.5,0.5424,0.3721
278,23,23,15,0.6522,0.6522,0.6522,0.4839,21,21,14,0.6667,0.6667,0.6667,0.5,44,44,29,0.6591,0.6591,0.6591,0.4915
279,26,18,11,0.6111,0.4231,0.5,0.3333,26,26,8,0.3077,0.3077,0.3077,0.1818,52,44,19,0.4318,0.3654,0.3958,0.2468
284,24,25,16,0.64,0.6667,0.6531,0.4848,22,23,14,0.6087,0.6364,0.6222,0.4516,46,48,30,0.625,0.6522,0.6383,0.4688
286,18,15,10,0.6667,0.5556,0.6061,0.4348,11,11,3,0.2727,0.2727,0.2727,0.1579,29,26,13,0.5,0.4483,0.4727,0.3095
288,26,20,16,0.8,0.6154,0.6957,0.5333,28,26,8,0.3077,0.2857,0.2963,0.1739,54,46,24,0.5217,0.4444,0.48,0.3158
291,23,23,12,0.5217,0.5217,0.5217,0.3529,22,22,12,0.5455,0.5455,0.5455,0.375,45,45,24,0.5333,0.5333,0.5333,0.3636
293,20,14,10,0.7143,0.5,0.5882,0.4167,19,19,6,0.3158,0.3158,0.3158,0.1875,39,33,16,0.4848,0.4103,0.4444,0.2857
295,20,16,7,0.4375,0.35,0.3889,0.2414,14,14,4,0.2857,0.2857,0.2857,0.1667,34,30,11,0.3667,0.3235,0.3438,0.2075
309,23,23,15,0.6522,0.6522,0.6522,0.4839,21,21,14,0.6667,0.6667,0.6667,0.5,44,44,29,0.6591,0.6591,0.6591,0.4915
310,20,14,13,0.9286,0.65,0.7647,0.619,18,18,6,0.3333,0.3333,0.3333,0.2,38,32,19,0.5938,0.5,0.5429,0.3725
315,14,14,9,0.6429,0.6429,0.6429,0.4737,12,12,8,0.6667,0.6667,0.6667,0.5,26,26,17,0.6538,0.6538,0.6538,0.4857
319,14,14,9,0.6429,0.6429,0.6429,0.4737,12,12,8,0.6667,0.6667,0.6667,0.5,26,26,17,0.6538,0.6538,0.6538,0.4857
322,18,18,11,0.6111,0.6111,0.6111,0.44,16,16,10,0.625,0.625,0.625,0.4545,34,34,21,0.6176,0.6176,0.6176,0.4468
328,22,20,13,0.65,0.5909,0.619,0.4483,20,20,12,0.6,0.6,0.6,0.4286,42,40,25,0.625,0.5952,0.6098,0.4386
331,14,10,5,0.5,0.3571,0.4167,0.2632,12,12,8,0.6667,0.6667,0.6667,0.5,26,22,13,0.5909,0.5,0.5417,0.3714
332,14,14,9,0.6429,0.6429,0.6429,0.4737,12,12,8,0.6667,0.6667,0.6667,0.5,26,26,17,0.6538,0.6538,0.6538,0.4857
334,14,10,9,0.9,0.6429,0.75,0.6,12,12,4,0.3333,0.3333,0.3333,0.2,26,22,13,0.5909,0.5,0.5417,0.3714
335,18,14,12,0.8571,0.6667,0.75,0.6,16,16,5,0.3125,0.3125,0.3125,0.1852,34,30,17,0.5667,0.5,0.5312,0.3617
341,17,17,11,0.6471,0.6471,0.6471,0.4783,16,16,10,0.625,0.625,0.625,0.4545,33,33,21,0.6364,0.6364,0.6364,0.4667
345,18,12,10,0.8333,0.5556,0.6667,0.5,17,16,5,0.3125,0.2941,0.303,0.1786,35,28,15,0.5357,0.4286,0.4762,0.3125
347,14,14,9,0.6429,0.6429,0.6429,0.4737,12,12,8,0.6667,0.6667,0.6667,0.5,26,26,17,0.6538,0.6538,0.6538,0.4857
351,14,10,9,0.9,0.6429,0.75,0.6,12,12,4,0.3333,0.3333,0.3333,0.2,26,22,13,0.5909,0.5,0.5417,0.3714
356,20,14,12,0.8571,0.6,0.7059,0.5455,18,18,6,0.3333,0.3333,0.3333,0.2,38,32,18,0.5625,0.4737,0.5143,0.3462
358,14,14,9,0.6429,0.6429,0.6429,0.4737,12,12,8,0.6667,0.6667,0.6667,0.5,26,26,17,0.6538,0.6538,0.6538,0.4857
361,14,10,9,0.9,0.6429,0.75,0.6,12,12,4,0.3333,0.3333,0.3333,0.2,26,22,13,0.5909,0.5,0.5417,0.3714
380,17,12,11,0.9167,0.6471,0.7586,0.6111,15,15,5,0.3333,0.3333,0.3333,0.2,32,27,16,0.5926,0.5,0.5424,0.3721
394,20,20,11,0.55,0.55,0.55,0.3793,16,16,9,0.5625,0.5625,0.5625,0.3913,36,36,20,0.5556,0.5556,0.5556,0.3846
401,20,20,11,0.55,0.55,0.55,0.3793,14,14,6,0.4286,0.4286,0.4286,0.2727,34,34,17,0.5,0.5,0.5,0.3333
411,17,17,11,0.6471,0.6471,0.6471,0.4783,16,16,10,0.625,0.625,0.625,0.4545,33,33,21,0.6364,0.6364,0.6364,0.4667
412,17,17,11,0.6471,0.6471,0.6471,0.4783,16,16,10,0.625,0.625,0.625,0.4545,33,33,21,0.6364,0.6364,0.6364,0.4667
413,14,8,5,0.625,0.3571,0.4545,0.2941,10,10,3,0.3,0.3,0.3,0.1765,24,18,8,0.4444,0.3333,0.381,0.2353
416,21,21,14,0.6667,0.6667,0.6667,0.5,19,19,12,0.6316,0.6316,0.6316,0.4615,40,40,26,0.65,0.65,0.65,0.4815
418,20,20,11,0.55,0.55,0.55,0.3793,19,19,10,0.5263,0.5263,0.5263,0.3571,39,39,21,0.5385,0.5385,0.5385,0.3684
428,27,26,12,0.4615,0.4444,0.4528,0.2927,26,27,14,0.5185,0.5385,0.5283,0.359,53,53,26,0.4906,0.4906,0.4906,0.325
429,20,20,13,0.65,0.65,0.65,0.4815,19,19,12,0.6316,0.6316,0.6316,0.4615,39,39,25,0.641,0.641,0.641,0.4717
432,23,17,10,0.5882,0.4348,0.5,0.3333,20,20,6,0.3,0.3,0.3,0.1765,43,37,16,0.4324,0.3721,0.4,0.25
433,24,24,16,0.6667,0.6667,0.6667,0.5,22,22,14,0.6364,0.6364,0.6364,0.4667,46,46,30,0.6522,0.6522,0.6522,0.4839
444,15,11,9,0.8182,0.6,0.6923,0.5294,13,13,4,0.3077,0.3077,0.3077,0.1818,28,24,13,0.5417,0.4643,0.5,0.3333
446,15,15,10,0.6667,0.6667,0.6667,0.5,13,13,8,0.6154,0.6154,0.6154,0.4444,28,28,18,0.6429,0.6429,0.6429,0.4737
457,24,24,16,0.6667,0.6667,0.6667,0.5,23,23,12,0.5217,0.5217,0.5217,0.3529,47,47,28,0.5957,0.5957,0.5957,0.4242
470,21,21,14,0.6667,0.6667,0.6667,0.5,19,19,12,0.6316,0.6316,0.6316,0.4615,40,40,26,0.65,0.65,0.65,0.4815
497,22,19,9,0.4737,0.4091,0.439,0.2812,21,21,5,0.2381,0.2381,0.2381,0.1351,43,40,14,0.35,0.3256,0.3373,0.2029
498,14,14,9,0.6429,0.6429,0.6429,0.4737,12,12,8,0.6667,0.6667,0.6667,0.5,26,26,17,0.6538,0.6538,0.6538,0.4857
520,25,23,12,0.5217,0.48,0.5,0.3333,23,22,13,0.5909,0.5652,0.5778,0.4062,48,45,25,0.5556,0.5208,0.5376,0.3676
521,29,29,17,0.5862,0.5862,0.5862,0.4146,28,28,17,0.6071,0.6071,0.6071,0.4359,57,57,34,0.5965,0.5965,0.5965,0.425
525,12,12,8,0.6667,0.6667,0.6667,0.5,10,10,6,0.6,0.6,0.6,0.4286,22,22,14,0.6364,0.6364,0.6364,0.4667
542,17,17,11,0.6471,0.6471,0.6471,0.4783,15,15,10,0.6667,0.6667,0.6667,0.5,32,32,21,0.6562,0.6562,0.6562,0.4884
548,17,17,6,0.3529,0.3529,0.3529,0.2143,16,16,8,0.5,0.5,0.5,0.3333,33,33,14,0.4242,0.4242,0.4242,0.2692
556,11,11,7,0.6364,0.6364,0.6364,0.4667,7,7,4,0.5714,0.5714,0.5714,0.4,18,18,11,0.6111,0.6111,0.6111,0.44
562,23,17,12,0.7059,0.5217,0.6,0.4286,19,19,6,0.3158,0.3158,0.3158,0.1875,42,36,18,0.5,0.4286,0.4615,0.3
563,20,20,13,0.65,0.65,0.65,0.4815,18,18,12,0.6667,0.6667,0.6667,0.5,38,38,25,0.6579,0.6579,0.6579,0.4902
576,33,33,24,0.7273,0.7273,0.7273,0.5714,24,24,16,0.6667,0.6667,0.6667,0.5,57,57,40,0.7018,0.7018,0.7018,0.5405
577,23,16,14,0.875,0.6087,0.7179,0.56,19,22,6,0.2727,0.3158,0.2927,0.1714,42,38,20,0.5263,0.4762,0.5,0.3333
580,20,20,13,0.65,0.65,0.65,0.4815,18,18,12,0.6667,0.6667,0.6667,0.5,38,38,25,0.6579,0.6579,0.6579,0.4902
589,14,10,9,0.9,0.6429,0.75,0.6,12,12,4,0.3333,0.3333,0.3333,0.2,26,22,13,0.5909,0.5,0.5417,0.3714
591,23,16,12,0.75,0.5217,0.6154,0.4444,19,20,6,0.3,0.3158,0.3077,0.1818,42,36,18,0.5,0.4286,0.4615,0.3
598,23,17,8,0.4706,0.3478,0.4,0.25,15,17,4,0.2353,0.2667,0.25,0.1429,38,34,12,0.3529,0.3158,0.3333,0.2
605,24,26,15,0.5769,0.625,0.6,0.4286,21,24,10,0.4167,0.4762,0.4444,0.2857,45,50,25,0.5,0.5556,0.5263,0.3571
607,17,12,10,0.8333,0.5882,0.6897,0.5263,16,16,5,0.3125,0.3125,0.3125,0.1852,33,28,15,0.5357,0.4545,0.4918,0.3261
620,27,27,16,0.5926,0.5926,0.5926,0.4211,26,26,12,0.4615,0.4615,0.4615,0.3,53,53,28,0.5283,0.5283,0.5283,0.359
624,28,27,1,0.037,0.0357,0.0364,0.0185,11,27,0,0.0,0.0,0,0.0,39,54,1,0.0185,0.0256,0.0215,0.0109
627,20,14,10,0.7143,0.5,0.5882,0.4167,19,19,5,0.2632,0.2632,0.2632,0.1515,39,33,15,0.4545,0.3846,0.4167,0.2632
630,26,26,17,0.6538,0.6538,0.6538,0.4857,25,25,16,0.64,0.64,0.64,0.4706,51,51,33,0.6471,0.6471,0.6471,0.4783
634,26,26,17,0.6538,0.6538,0.6538,0.4857,27,27,16,0.5926,0.5926,0.5926,0.4211,53,53,33,0.6226,0.6226,0.6226,0.4521
652,33,32,1,0.0312,0.0303,0.0308,0.0156,12,31,0,0.0,0.0,0,0.0,45,63,1,0.0159,0.0222,0.0185,0.0093
655,17,12,10,0.8333,0.5882,0.6897,0.5263,16,16,5,0.3125,0.3125,0.3125,0.1852,33,28,15,0.5357,0.4545,0.4918,0.3261
663,17,17,11,0.6471,0.6471,0.6471,0.4783,16,16,10,0.625,0.625,0.625,0.4545,33,33,21,0.6364,0.6364,0.6364,0.4667
672,17,11,11,1.0,0.6471,0.7857,0.6471,18,18,6,0.3333,0.3333,0.3333,0.2,35,29,17,0.5862,0.4857,0.5312,0.3617
684,26,16,7,0.4375,0.2692,0.3333,0.2,26,10,6,0.6,0.2308,0.3333,0.2,52,26,13,0.5,0.25,0.3333,0.2
692,24,18,15,0.8333,0.625,0.7143,0.5556,22,22,7,0.3182,0.3182,0.3182,0.1892,46,40,22,0.55,0.4783,0.5116,0.3438
699,24,16,15,0.9375,0.625,0.75,0.6,22,23,7,0.3043,0.3182,0.3111,0.1842,46,39,22,0.5641,0.4783,0.5176,0.3492
701,12,9,7,0.7778,0.5833,0.6667,0.5,10,10,3,0.3,0.3,0.3,0.1765,22,19,10,0.5263,0.4545,0.4878,0.3226
706,23,16,11,0.6875,0.4783,0.5641,0.3929,22,22,6,0.2727,0.2727,0.2727,0.1579,45,38,17,0.4474,0.3778,0.4096,0.2576
709,25,18,12,0.6667,0.48,0.5581,0.3871,23,26,7,0.2692,0.3043,0.2857,0.1667,48,44,19,0.4318,0.3958,0.413,0.2603
728,17,14,9,0.6429,0.5294,0.5806,0.4091,11,11,3,0.2727,0.2727,0.2727,0.1579,28,25,12,0.48,0.4286,0.4528,0.2927
731,24,24,13,0.5417,0.5417,0.5417,0.3714,22,22,10,0.4545,0.4545,0.4545,0.2941,46,46,23,0.5,0.5,0.5,0.3333
735,11,8,6,0.75,0.5455,0.6316,0.4615,9,9,3,0.3333,0.3333,0.3333,0.2,20,17,9,0.5294,0.45,0.4865,0.3214
753,18,8,6,0.75,0.3333,0.4615,0.3,16,16,5,0.3125,0.3125,0.3125,0.1852,34,24,11,0.4583,0.3235,0.3793,0.234
761,27,20,18,0.9,0.6667,0.766,0.6207,25,25,8,0.32,0.32,0.32,0.1905,52,45,26,0.5778,0.5,0.5361,0.3662
765,18,14,9,0.6429,0.5,0.5625,0.3913,16,16,4,0.25,0.25,0.25,0.1429,34,30,13,0.4333,0.3824,0.4062,0.2549
800,29,29,1,0.0345,0.0345,0.0345,0.0175,23,23,0,0.0,0.0,0,0.0,52,52,1,0.0192,0.0192,0.0192,0.0097
813,14,14,9,0.6429,0.6429,0.6429,0.4737,12,12,8,0.6667,0.6667,0.6667,0.5,26,26,17,0.6538,0.6538,0.6538,0.4857
818,14,10,5,0.5,0.3571,0.4167,0.2632,12,12,8,0.6667,0.6667,0.6667,0.5,26,22,13,0.5909,0.5,0.5417,0.3714
823,26,26,15,0.5769,0.5769,0.5769,0.4054,25,25,16,0.64,0.64,0.64,0.4706,51,51,31,0.6078,0.6078,0.6078,0.4366
848,20,20,13,0.65,0.65,0.65,0.4815,18,18,12,0.6667,0.6667,0.6667,0.5,38,38,25,0.6579,0.6579,0.6579,0.4902
888,20,20,13,0.65,0.65,0.65,0.4815,18,18,12,0.6667,0.6667,0.6667,0.5,38,38,25,0.6579,0.6579,0.6579,0.4902
891,19,19,10,0.5263,0.5263,0.5263,0.3571,17,17,8,0.4706,0.4706,0.4706,0.3077,36,36,18,0.5,0.5,0.5,0.3333
900,20,20,11,0.55,0.55,0.55,0.3793,16,16,8,0.5,0.5,0.5,0.3333,36,36,19,0.5278,0.5278,0.5278,0.3585
902,26,26,11,0.4231,0.4231,0.4231,0.2683,25,25,12,0.48,0.48,0.48,0.3158,51,51,23,0.451,0.451,0.451,0.2911
904,20,14,13,0.9286,0.65,0.7647,0.619,18,18,6,0.3333,0.3333,0.3333,0.2,38,32,19,0.5938,0.5,0.5429,0.3725
905,24,25,16,0.64,0.6667,0.6531,0.4848,22,22,14,0.6364,0.6364,0.6364,0.4667,46,47,30,0.6383,0.6522,0.6452,0.4762
907,23,23,14,0.6087,0.6087,0.6087,0.4375,22,22,13,0.5909,0.5909,0.5909,0.4194,45,45,27,0.6,0.6,0.6,0.4286
908,23,23,13,0.5652,0.5652,0.5652,0.3939,22,19,11,0.5789,0.5,0.5366,0.3667,45,42,24,0.5714,0.5333,0.5517,0.381
910,27,26,12,0.4615,0.4444,0.4528,0.2927,22,23,7,0.3043,0.3182,0.3111,0.1842,49,49,19,0.3878,0.3878,0.3878,0.2405
911,26,17,16,0.9412,0.6154,0.7442,0.5926,25,26,8,0.3077,0.32,0.3137,0.186,51,43,24,0.5581,0.4706,0.5106,0.3429
914,24,24,16,0.6667,0.6667,0.6667,0.5,22,22,14,0.6364,0.6364,0.6364,0.4667,46,46,30,0.6522,0.6522,0.6522,0.4839
915,26,26,15,0.5769,0.5769,0.5769,0.4054,20,20,11,0.55,0.55,0.55,0.3793,46,46,26,0.5652,0.5652,0.5652,0.3939
916,17,15,9,0.6,0.5294,0.5625,0.3913,11,11,3,0.2727,0.2727,0.2727,0.1579,28,26,12,0.4615,0.4286,0.4444,0.2857
918,25,24,15,0.625,0.6,0.6122,0.4412,23,23,13,0.5652,0.5652,0.5652,0.3939,48,47,28,0.5957,0.5833,0.5895,0.4179
919,23,25,13,0.52,0.5652,0.5417,0.3714,20,23,11,0.4783,0.55,0.5116,0.3438,43,48,24,0.5,0.5581,0.5275,0.3582
920,23,26,11,0.4231,0.4783,0.449,0.2895,22,22,11,0.5,0.5,0.5,0.3333,45,48,22,0.4583,0.4889,0.4731,0.3099
921,25,25,11,0.44,0.44,0.44,0.2821,22,22,10,0.4545,0.4545,0.4545,0.2941,47,47,21,0.4468,0.4468,0.4468,0.2877
922,26,18,16,0.8889,0.6154,0.7273,0.5714,25,25,8,0.32,0.32,0.32,0.1905,51,43,24,0.5581,0.4706,0.5106,0.3429
924,11,8,7,0.875,0.6364,0.7368,0.5833,9,9,3,0.3333,0.3333,0.3333,0.2,20,17,10,0.5882,0.5,0.5405,0.3704
926,20,11,7,0.6364,0.35,0.4516,0.2917,15,17,4,0.2353,0.2667,0.25,0.1429,35,28,11,0.3929,0.3143,0.3492,0.2115
929,23,16,14,0.875,0.6087,0.7179,0.56,22,22,7,0.3182,0.3182,0.3182,0.1892,45,38,21,0.5526,0.4667,0.506,0.3387
930,17,17,8,0.4706,0.4706,0.4706,0.3077,16,16,8,0.5,0.5,0.5,0.3333,33,33,16,0.4848,0.4848,0.4848,0.32
931,14,14,9,0.6429,0.6429,0.6429,0.4737,10,10,6,0.6,0.6,0.6,0.4286,24,24,15,0.625,0.625,0.625,0.4545
933,16,16,11,0.6875,0.6875,0.6875,0.5238,14,14,8,0.5714,0.5714,0.5714,0.4,30,30,19,0.6333,0.6333,0.6333,0.4634
934,34,25,14,0.56,0.4118,0.4746,0.3111,32,32,9,0.2812,0.2812,0.2812,0.1636,66,57,23,0.4035,0.3485,0.374,0.23
935,17,17,9,0.5294,0.5294,0.5294,0.36,16,16,10,0.625,0.625,0.625,0.4545,33,33,19,0.5758,0.5758,0.5758,0.4043
936,17,17,9,0.5294,0.5294,0.5294,0.36,16,16,10,0.625,0.625,0.625,0.4545,33,33,19,0.5758,0.5758,0.5758,0.4043
937,30,31,1,0.0323,0.0333,0.0328,0.0167,26,27,0,0.0,0.0,0,0.0,56,58,1,0.0172,0.0179,0.0175,0.0088
938,14,11,7,0.6364,0.5,0.56,0.3889,10,10,3,0.3,0.3,0.3,0.1765,24,21,10,0.4762,0.4167,0.4444,0.2857
940,34,34,16,0.4706,0.4706,0.4706,0.3077,32,32,14,0.4375,0.4375,0.4375,0.28,66,66,30,0.4545,0.4545,0.4545,0.2941
